{
  "configVersion": 1,
  "timestamp": 1710267140330,
  "index": "/index.html",
  "assetGroups": [
    {
      "name": "app",
      "installMode": "prefetch",
      "updateMode": "prefetch",
      "cacheQueryOptions": {
        "ignoreVary": true
      },
      "urls": [
        "/1048.69dbcaeea17ce263.js",
        "/1172.979fc732485509c9.js",
        "/1488.b40421ca385107a4.js",
        "/1492.d37f289a20d868fe.js",
        "/1636.b02522e04c7b7dd9.js",
        "/1644.e27aea535f90f116.js",
        "/1708.8236a662ede95002.js",
        "/1812.7fafc5455aa1204e.js",
        "/2000.79ed16cf18f27e55.js",
        "/2372.970ebeaf5f47f7a2.js",
        "/2448.81573fa6f12c5cda.js",
        "/2580.3a1e55e22940589d.js",
        "/2624.7a558e424b4e0829.js",
        "/2728.4c8e0fc5de4639c1.js",
        "/2776.854cc28bfca889fd.js",
        "/2948.0f2616db7ef4d742.js",
        "/3180.04232b779e031777.js",
        "/3264.f86dde3016097a35.js",
        "/3296.bfdce6f44a0ee763.js",
        "/3500.e69477e8ec804c74.js",
        "/3604.4285498201ef6dbc.js",
        "/3667.2258638f70682fdf.js",
        "/3752.3bc51355cf0898d1.js",
        "/3936.105665c6042ff1d3.js",
        "/4168.f45c81688fe620ee.js",
        "/4272.ab4a934e5826dcbb.js",
        "/4284.c98e10e35684a818.js",
        "/4656.9495157405002bec.js",
        "/4768.ac54ef11d886d5ab.js",
        "/5024.4fedffcf8a624c0a.js",
        "/5652.6343935443e40ada.js",
        "/5828.16be7a1230af255e.js",
        "/5956.843cbb0d119e53f9.js",
        "/5968.543dc0ba08e0fc51.js",
        "/6360.5acf625ccbc8a3cf.js",
        "/6736.6ba2e3575e42014a.js",
        "/6824.3c7b198fac43f7a5.js",
        "/6932.76420c1bf5503268.js",
        "/7176.a019d661c9456945.js",
        "/7528.89fdb0d94fb9a94a.js",
        "/7676.ec0568301450e154.js",
        "/7752.4b38b5645f4b11ef.js",
        "/7864.f407ae0ec23a41ea.js",
        "/8019.2b2e1881dea88409.js",
        "/8048.66ac9b1282bc4d0f.js",
        "/8232.165668855b807438.js",
        "/8595.7cdb90ece3e387c8.js",
        "/8772.21a7229db1e34d37.js",
        "/8832.9f7a4ff99d56da5a.js",
        "/8956.3b967861d1d524f5.js",
        "/9024.fcd544dc75746f24.js",
        "/9428.5e1f5e4d12c55376.js",
        "/9440.6b583dc3daacd041.js",
        "/9580.398d096270328e09.js",
        "/9584.3316d086be2e50ab.js",
        "/9836.1a9dd8eabefe628d.js",
        "/9924.114a4f25c81e517a.js",
        "/common.02220ef2180d0917.js",
        "/index.html",
        "/main.12fb74d90979c184.js",
        "/manifest.webmanifest",
        "/polyfills-core-js.16553c7220d31d73.js",
        "/polyfills-dom.d61fca077d08d5d8.js",
        "/polyfills.f43b8b2a4a89c271.js",
        "/runtime.b427566b81c537db.js",
        "/styles.ef75f8427bb96230.css"
      ],
      "patterns": []
    },
    {
      "name": "assets",
      "installMode": "lazy",
      "updateMode": "prefetch",
      "cacheQueryOptions": {
        "ignoreVary": true
      },
      "urls": [
        "/assets/about_data.html",
        "/assets/icon/favicon.png",
        "/assets/icons/icon-128x128.png",
        "/assets/icons/icon-144x144.png",
        "/assets/icons/icon-152x152.png",
        "/assets/icons/icon-192x192.png",
        "/assets/icons/icon-384x384.png",
        "/assets/icons/icon-512x512.png",
        "/assets/icons/icon-72x72.png",
        "/assets/icons/icon-96x96.png",
        "/assets/img/map-styles/classic.png",
        "/assets/img/map-styles/satellite.png",
        "/assets/img/map-styles/standard.png",
        "/assets/ironPuk.png",
        "/assets/iron_street_splash_screen.png",
        "/assets/privacy.html",
        "/assets/shapes.svg",
        "/assets/terms.html"
      ],
      "patterns": []
    }
  ],
  "dataGroups": [],
  "hashTable": {
    "/1048.69dbcaeea17ce263.js": "524cf8fa6896f5e28ef5f06d123df0c9785aeccf",
    "/1172.979fc732485509c9.js": "5f086070e45940cbb346eb7a28d88a2401dc3f12",
    "/1488.b40421ca385107a4.js": "a2e353d5a4d4eddddf868250f4d364378ac47952",
    "/1492.d37f289a20d868fe.js": "61c203ce879ed9b698b3df77b2448f51ff1c5217",
    "/1636.b02522e04c7b7dd9.js": "31b39cc867231b2b8a02d7859d1cbcf616581c98",
    "/1644.e27aea535f90f116.js": "df9e7d9267782f2ab75b203c538cee33ff8a62d7",
    "/1708.8236a662ede95002.js": "33b7f42bffe43e5c705f47ab71bfdbbdab6e5d48",
    "/1812.7fafc5455aa1204e.js": "f9b4a4bbac7c349f837e78db49ef94f0074d4dd5",
    "/2000.79ed16cf18f27e55.js": "e3bf184b0441a1630248f5e00116285dc203b1f1",
    "/2372.970ebeaf5f47f7a2.js": "e5087fd72c57f121a9197defbba41395ec1c161d",
    "/2448.81573fa6f12c5cda.js": "b6b185b2b70d65ee941263139f5ab77ca7fd35c6",
    "/2580.3a1e55e22940589d.js": "e89fa3c1ac65f48156a20fc01656ec313161ae5b",
    "/2624.7a558e424b4e0829.js": "f3a206488cbef07b35eaaec5eb6ca348f7f33be7",
    "/2728.4c8e0fc5de4639c1.js": "ef4b10c63d41d7fecc7d095149fc81c84a7107c0",
    "/2776.854cc28bfca889fd.js": "762a1e3c3d0ba90e06a55e15c0d2f73c251c99f4",
    "/2948.0f2616db7ef4d742.js": "ffbd4ebd515ae1205080490a44663500246fb59d",
    "/3180.04232b779e031777.js": "2d830ced3db02dc2c02685fcb68887dbf765f9dd",
    "/3264.f86dde3016097a35.js": "767f1494ccfbb4b0be521184183407ea30c52e9d",
    "/3296.bfdce6f44a0ee763.js": "f098c82c6216db191eb2ad484bf8aa83dc9055f4",
    "/3500.e69477e8ec804c74.js": "4ecb1cd0fce3cbd254c64cf20e08058ea095abd4",
    "/3604.4285498201ef6dbc.js": "e87d7b953c6e2c60ed524e087d86fbe21ea3b787",
    "/3667.2258638f70682fdf.js": "cec6d7d007b5d5ebcb16ffb4729f6aaeabf0ec24",
    "/3752.3bc51355cf0898d1.js": "a616718e10ea989255de84c865c4eb4520194f9e",
    "/3936.105665c6042ff1d3.js": "24a3febe5def310988f9d436a670bed5769fea9a",
    "/4168.f45c81688fe620ee.js": "b1f387b099c389330ff1084d98faa13ddcb9427e",
    "/4272.ab4a934e5826dcbb.js": "45a0df937cce638880fff90953df33f6dcb7af89",
    "/4284.c98e10e35684a818.js": "61af637755cce5a1e0504d531e194d60f6dc2e03",
    "/4656.9495157405002bec.js": "7cf42f6d2b18549af1462de8a6e35019a72d2604",
    "/4768.ac54ef11d886d5ab.js": "9e2edeafa7d8a533c4654bae9a21bf6bb1f97296",
    "/5024.4fedffcf8a624c0a.js": "98f1654a9d3ef890ea20e92629f864bd100b96e8",
    "/5652.6343935443e40ada.js": "91c23366731a4d8d04f0b78cec25fc95a4c00962",
    "/5828.16be7a1230af255e.js": "80c3de8f0e547d1370747389c99e5476f62d0dba",
    "/5956.843cbb0d119e53f9.js": "70696f66dc346aec1e4fcb7fa99eec7960f4140b",
    "/5968.543dc0ba08e0fc51.js": "ac3ce0af33e98f3fd5b154222240f65b7efa46e6",
    "/6360.5acf625ccbc8a3cf.js": "8267a133677c4663d5826fcc25dedf00dcf9b09a",
    "/6736.6ba2e3575e42014a.js": "f97400078ce60ac27aaf31afa17f435a51738b1d",
    "/6824.3c7b198fac43f7a5.js": "cb906c11ecf0c800bd54620be5a6a2e4d5ffcc26",
    "/6932.76420c1bf5503268.js": "26b3a0fc1afa9503711f45b9cd54be226846e000",
    "/7176.a019d661c9456945.js": "969c40795b94411e6a495ac59b75ae996448bd07",
    "/7528.89fdb0d94fb9a94a.js": "14d27f87824d8ea1f3a17221545e44efbf24eb0d",
    "/7676.ec0568301450e154.js": "53f05f6aac1534f74fc989d83e4e5b505cb25e07",
    "/7752.4b38b5645f4b11ef.js": "b1728b7d446b6772d32667342f403a6b8d464206",
    "/7864.f407ae0ec23a41ea.js": "6c21b2ddbda00f6ad905d2967531ba37b4ff03d7",
    "/8019.2b2e1881dea88409.js": "6486200de53f5c07575249870cd96b575e51aabb",
    "/8048.66ac9b1282bc4d0f.js": "56bf6c762558aa5ce1c7c82e7e7bfa807e65f0af",
    "/8232.165668855b807438.js": "482cfe9f15ef482e7a3150cd81f3106b250c8f4c",
    "/8595.7cdb90ece3e387c8.js": "052ea609df3899f2376b6e1ee64ebb14ce4ec770",
    "/8772.21a7229db1e34d37.js": "f54f29e8613ad795f49ce117bff296410bd262bc",
    "/8832.9f7a4ff99d56da5a.js": "31d1d386323c5ad68371c6c77c29ee0f9a7d618c",
    "/8956.3b967861d1d524f5.js": "f38a9e68ea1be81eb4736c71edab16ab5d4097b3",
    "/9024.fcd544dc75746f24.js": "5bd3c9d4188ed80729d016192b0e5485bc2129de",
    "/9428.5e1f5e4d12c55376.js": "8a525370395fc5c3d3d84fa438053876ecd0de6e",
    "/9440.6b583dc3daacd041.js": "502304d8f92234fe04be0408594857624d951433",
    "/9580.398d096270328e09.js": "ae487d01483b5af08e90ec50838b92ed9910a325",
    "/9584.3316d086be2e50ab.js": "35d20fecd2e42b5c49f7560fb0add012002c2ead",
    "/9836.1a9dd8eabefe628d.js": "52a94962be318f9c6c5edd8d1f64b3951b63f356",
    "/9924.114a4f25c81e517a.js": "17a20b8340ead9d33b774868e9fcec8e45ef7858",
    "/assets/about_data.html": "2197b7ab74d1300362650c50c07dd05006259950",
    "/assets/icon/favicon.png": "7798b8e0eb61d7375c245af78bbf5c916932bf13",
    "/assets/icons/icon-128x128.png": "f912963bdc6d5a38d8f1dd0afbaab2ce8d657acb",
    "/assets/icons/icon-144x144.png": "b155fd5f2fd5d2ea7760721063003c4cd95fd783",
    "/assets/icons/icon-152x152.png": "eae6e0f0c8afb8aaae339e2a569b43e9238e5e6c",
    "/assets/icons/icon-192x192.png": "15c4180454633880d98674aa7394656196c91584",
    "/assets/icons/icon-384x384.png": "94a915751ef6c9282df9aea405ad679230631814",
    "/assets/icons/icon-512x512.png": "1de182f76f7329dfa8f9fcdd1fdcdd695bea6a99",
    "/assets/icons/icon-72x72.png": "aa88a6096bd973be7f6d7a5489bfa6bc2463f8c4",
    "/assets/icons/icon-96x96.png": "7fb8f59c30ce2ff12c700321a0b39e14b3dc8f95",
    "/assets/img/map-styles/classic.png": "284c4c95e057e1e315cd86861d7a9abe518973bc",
    "/assets/img/map-styles/satellite.png": "8d32549550126af22119eaf85d6c0886b42312b1",
    "/assets/img/map-styles/standard.png": "25b369fe0782d6a63acf47030c8825637751cc50",
    "/assets/ironPuk.png": "4c7fd54776147d3ff19f62c085d597c284fc0418",
    "/assets/iron_street_splash_screen.png": "cadc260ac8a8e016ae301a62094efa2b28731e80",
    "/assets/privacy.html": "bdd5930fb74f67a81f4703fd1faf1835b4d6e879",
    "/assets/shapes.svg": "638f87e27e6fc7ddfd6e6b262ea70d690f6c7011",
    "/assets/terms.html": "927b2fc1de6e73fcd754cf70a35c7696b0e79dc4",
    "/common.02220ef2180d0917.js": "4ba074be51be10f87c089705b51bd54948361c80",
    "/index.html": "8324ef19e356a8f051816d3e4b87fa737d6ef54f",
    "/main.12fb74d90979c184.js": "1ec251a27931e03b9ecc75f4575f9a51fb8aabbf",
    "/manifest.webmanifest": "da2061dba175bf2d881980e8596ff5343e2dd7b6",
    "/polyfills-core-js.16553c7220d31d73.js": "3be976a456ad8434dd5ccedf59bd99d9c88a3f14",
    "/polyfills-dom.d61fca077d08d5d8.js": "cb8b560909db9d7e4c86547174b87a86eb98827b",
    "/polyfills.f43b8b2a4a89c271.js": "27a1a4b31c85d898736431c798e84979c099044d",
    "/runtime.b427566b81c537db.js": "cadaba10d2e0bc22019fc527a777c7a37ddfd60b",
    "/styles.ef75f8427bb96230.css": "ad162e9033d78cf46c2eb3920c989519a6bb7fae"
  },
  "navigationUrls": [
    {
      "positive": true,
      "regex": "^\\/.*$"
    },
    {
      "positive": false,
      "regex": "^\\/(?:.+\\/)?[^/]*\\.[^/]*$"
    },
    {
      "positive": false,
      "regex": "^\\/(?:.+\\/)?[^/]*__[^/]*$"
    },
    {
      "positive": false,
      "regex": "^\\/(?:.+\\/)?[^/]*__[^/]*\\/.*$"
    }
  ],
  "navigationRequestStrategy": "performance"
}